original,summary
The impact of distributed computing on scientific research is transformative.,Computing advances transform research landscape significantly.
Machine learning models show promise but require careful validation.,ML models promising but require rigorous validation processes.
GPU acceleration significantly reduces training time for deep learning.,GPU technology reduces deep learning training time dramatically.
Cloud computing offers flexibility but raises privacy concerns.,Cloud systems offer flexibility but present privacy challenges.
Data preprocessing is critical for model performance.,Data preparation is essential for optimal model performance.
Ensemble methods improve prediction accuracy across multiple domains.,Multiple ensemble approaches boost prediction accuracy substantially.
Transfer learning enables faster convergence on new tasks.,Existing models accelerate learning on new research problems.
Hyperparameter tuning requires systematic exploration.,Systematic search improves model configuration optimization.
Batch normalization stabilizes neural network training.,Normalization techniques enhance neural network stability.
Regularization techniques prevent model overfitting.,Restriction methods improve generalization and reduce overfitting.
